City,State,Country,Estimate (low),Estimate (high),Average,city_state_country,lat,lon
Abilene,TX,US,200,200,200.0,"Abilene, TX, US",32.4487364,32.4487364
Accident,MD,US,54,54,54.0,"Accident, MD, US",39.628696,39.628696
Adak,AK,US,10,10,10.0,"Adak, AK, US",51.88,51.88
Adrian,MI,US,NA,NA,NA,"Adrian, MI, US",41.8975471,41.8975471
Ajo,AZ,US,NA,NA,NA,"Ajo, AZ, US",32.3717248,32.3717248
Alamosa,CO,US,350,350,350.0,"Alamosa, CO, US",37.4694491,37.4694491
Albany,CA,US,NA,NA,NA,"Albany, CA, US",37.88687,37.88687
Albany,NY,US,7000,9000,8e3,"Albany, NY, US",42.6525793,42.6525793
Albuquerque,NM,US,3000,20000,11500.0,"Albuquerque, NM, US",35.0853336,35.0853336
Alpine,TX,US,96,96,96.0,"Alpine, TX, US",30.3584919,30.3584919
Amarillo,TX,US,600,600,600.0,"Amarillo, TX, US",35.2219971,35.2219971
Amelia Island,FL,US,700,700,700.0,"Amelia Island, FL, US",30.6265697,30.6265697
Anacortes,WA,US,NA,NA,NA,"Anacortes, WA, US",48.51260449999999,48.51260449999999
Anchorage,AK,US,2000,3000,2500.0,"Anchorage, AK, US",61.2180556,61.2180556
Ann Arbor,MI,US,11000,11000,11e3,"Ann Arbor, MI, US",42.2808256,42.2808256
Annapolis,MD,US,1600,1600,1600.0,"Annapolis, MD, US",38.9784453,38.9784453
Arlington,VA,US,NA,NA,NA,"Arlington, VA, US",38.8816208,38.8816208
Asbury Park,NJ,US,6000,6000,6e3,"Asbury Park, NJ, US",40.2203907,40.2203907
Asheville,NC,US,7000,10000,8500.0,"Asheville, NC, US",35.5950581,35.5950581
Ashland,OR,US,6000,6000,6e3,"Ashland, OR, US",42.1945758,42.1945758
Aspen,CO,US,1000,1000,1e3,"Aspen, CO, US",39.1910983,39.1910983
Astoria,OR,US,100,1000,550.0,"Astoria, OR, US",40.7643574,40.7643574
Athens,GA,US,700,5000,2850.0,"Athens, GA, US",33.9519347,33.9519347
Atlanta,GA,US,60000,60000,6e4,"Atlanta, GA, US",33.7489954,33.7489954
Augusta,GA,US,600,600,600.0,"Augusta, GA, US",33.4734978,33.4734978
Augusta,ME,US,10000,10000,1e4,"Augusta, ME, US",44.3106241,44.3106241
Austin,TX,US,30000,50000,4e4,"Austin, TX, US",30.267153,30.267153
Avalon,CA,US,44,44,44.0,"Avalon, CA, US",33.3428193,33.3428193
Bainbridge Island,WA,US,NA,NA,NA,"Bainbridge Island, WA, US",47.62487910000001,47.62487910000001
Baltimore,MD,US,5000,5000,5e3,"Baltimore, MD, US",39.2903848,39.2903848
Bandon,OR,US,70,70,70.0,"Bandon, OR, US",43.1189978,43.1189978
Barrow,AK,US,NA,NA,NA,"Barrow, AK, US",71.29055559999999,71.29055559999999
Bayfield,WI,US,427,427,427.0,"Bayfield, WI, US",46.8107671,46.8107671
Beaumont,TX,US,300,300,300.0,"Beaumont, TX, US",30.080174,30.080174
Beaver,PA,US,NA,NA,NA,"Beaver, PA, US",40.6953437,40.6953437
Bellingham,WA,US,5000,6000,5500.0,"Bellingham, WA, US",48.7519112,48.7519112
Bemidji,MN,US,250,500,375.0,"Bemidji, MN, US",47.4875361,47.4875361
Bend,OR,US,5000,5000,5e3,"Bend, OR, US",44.0581728,44.0581728
Bentonville,AR,US,NA,NA,NA,"Bentonville, AR, US",36.3728538,36.3728538
Berkeley,CA,US,NA,NA,NA,"Berkeley, CA, US",37.8715926,37.8715926
Bethel,AK,US,NA,NA,NA,"Bethel, AK, US",60.7922222,60.7922222
Bethlehem,PA,US,500,500,500.0,"Bethlehem, PA, US",40.6259316,40.6259316
Bettendorf,IA,US,800,800,800.0,"Bettendorf, IA, US",41.56084999999999,41.56084999999999
Beverly Hills,CA,US,NA,NA,NA,"Beverly Hills, CA, US",34.0736204,34.0736204
Binghamton,NY,US,2000,3000,2500.0,"Binghamton, NY, US",42.09868669999999,42.09868669999999
Birmingham,AL,US,5000,10000,7500.0,"Birmingham, AL, US",33.5206608,33.5206608
Bishop,CA,US,600,600,600.0,"Bishop, CA, US",37.3614238,37.3614238
Bismarck,ND,US,500,500,500.0,"Bismarck, ND, US",46.8083268,46.8083268
Black Mountain,NC,US,400,400,400.0,"Black Mountain, NC, US",35.6178951,35.6178951
Bluff,UT,US,NA,NA,NA,"Bluff, UT, US",37.2844448,37.2844448
Bloomsburg,PA,US,NA,NA,NA,"Bloomsburg, PA, US",41.003698,41.003698
Boise,ID,US,5000,5000,5e3,"Boise, ID, US",43.6187102,43.6187102
Borrego Springs,CA,US,NA,NA,NA,"Borrego Springs, CA, US",33.2558717,33.2558717
Boston,MA,US,175000,175000,175e3,"Boston, MA, US",42.3600825,42.3600825
Bozeman,MT,US,NA,NA,NA,"Bozeman, MT, US",45.6769979,45.6769979
Breen,CO,US,1,1,1.0,"Breen, CO, US",37.1925004,37.1925004
Brighton,MI,US,300,300,300.0,"Brighton, MI, US",42.5294773,42.5294773
Brattleboro,VT,US,250,250,250.0,"Brattleboro, VT, US",42.8509152,42.8509152
Brookings,OR,US,NA,NA,NA,"Brookings, OR, US",44.3113573,44.3113573
Brownsville,TX,US,300,300,300.0,"Brownsville, TX, US",25.9017472,25.9017472
Brunswick,ME,US,300,300,300.0,"Brunswick, ME, US",43.9140162,43.9140162
Buffalo,NY,US,2500,3000,2750.0,"Buffalo, NY, US",42.88644679999999,42.88644679999999
Burbank,CA,US,300,300,300.0,"Burbank, CA, US",34.1808392,34.1808392
Burns,OR,US,20,20,20.0,"Burns, OR, US",43.5862606,43.5862606
Burnsville,NC,US,NA,NA,NA,"Burnsville, NC, US",35.9173357,35.9173357
Canton,NY,US,135,135,135.0,"Canton, NY, US",44.5956163,44.5956163
Carbondale,CO,US,200,650,425.0,"Carbondale, CO, US",39.4022054,39.4022054
Carbondale,IL,US,1000,1000,1e3,"Carbondale, IL, US",37.7272727,37.7272727
Carmel,CA,US,NA,NA,NA,"Carmel, CA, US",36.5552386,36.5552386
Casper,WY,US,700,1000,850.0,"Casper, WY, US",42.866632,42.866632
Cedaredge,CO,US,NA,NA,NA,"Cedaredge, CO, US",38.9016487,38.9016487
Champaign,IL,US,5000,5000,5e3,"Champaign, IL, US",40.1164204,40.1164204
Charleston,SC,US,2000,2000,2e3,"Charleston, SC, US",32.7764749,32.7764749
Charleston,WV,US,3000,3000,3e3,"Charleston, WV, US",38.3498195,38.3498195
Charlotte,NC,US,10000,10000,1e4,"Charlotte, NC, US",35.2270869,35.2270869
Charlottesville,VA,US,2500,2500,2500.0,"Charlottesville, VA, US",38.0293059,38.0293059
Chattanooga,TN,US,1000,3000,2e3,"Chattanooga, TN, US",35.0456297,35.0456297
Chelan,WA,US,NA,NA,NA,"Chelan, WA, US",47.9445331,47.9445331
Chesapeake Bay,MD,US,1,1,1.0,"Chesapeake Bay, MD, US",37.5213728,37.5213728
Cheyenne,WY,US,1500,2000,1750.0,"Cheyenne, WY, US",41.1399814,41.1399814
Chicago,IL,US,250000,250000,25e4,"Chicago, IL, US",41.8781136,41.8781136
Chico,CA,US,3000,3000,3e3,"Chico, CA, US",39.7284944,39.7284944
Chillicothe,OH,US,1000,1000,1e3,"Chillicothe, OH, US",39.3331197,39.3331197
Cincinnati,OH,US,5000,10000,7500.0,"Cincinnati, OH, US",39.1031182,39.1031182
Clare,MI,US,24,24,24.0,"Clare, MI, US",43.8194703,43.8194703
Clemson,SC,US,500,500,500.0,"Clemson, SC, US",34.6834382,34.6834382
Cleveland,OH,US,15000,15000,15e3,"Cleveland, OH, US",41.49932,41.49932
Cobb,CA,US,2,2,2.0,"Cobb, CA, US",38.8334625,38.8334625
Cobbleskill,NY,US,300,300,300.0,"Cobbleskill, NY, US",42.677853,42.677853
Cody,WY,US,500,500,500.0,"Cody, WY, US",44.52634219999999,44.52634219999999
College Station,TX,US,NA,NA,NA,"College Station, TX, US",30.627977,30.627977
Colorado Springs,CO,US,7000,7000,7e3,"Colorado Springs, CO, US",38.8338816,38.8338816
Clumbia,MO,US,3000,3604,3302.0,"Clumbia, MO, US",38.9517053,38.9517053
Columbia,SC,US,2000,2000,2e3,"Columbia, SC, US",34.0007104,34.0007104
Columbus,OH,US,NA,NA,NA,"Columbus, OH, US",39.9611755,39.9611755
Compton,CA,US,NA,NA,NA,"Compton, CA, US",33.8958492,33.8958492
Concord,NH,US,6000,6000,6e3,"Concord, NH, US",43.2081366,43.2081366
Conover,WI,US,1,1,1.0,"Conover, WI, US",46.0546741,46.0546741
Cooperstown,NY,US,200,200,200.0,"Cooperstown, NY, US",42.7006303,42.7006303
Coos Bay,OR,US,200,200,200.0,"Coos Bay, OR, US",43.3665007,43.3665007
Copper Harbor,MI,US,19,19,19.0,"Copper Harbor, MI, US",47.4683113,47.4683113
Cordova,AK,US,NA,NA,NA,"Cordova, AK, US",60.5424087,60.5424087
Corpus Christi,TX,US,24,24,24.0,"Corpus Christi, TX, US",27.8005828,27.8005828
Cortez,CO,US,400,504,452.0,"Cortez, CO, US",37.3488827,37.3488827
Corvallis,OR,US,100,100,100.0,"Corvallis, OR, US",44.5645659,44.5645659
Crestone,CO,US,1,1,1.0,"Crestone, CO, US",37.9963881,37.9963881
Dallas,TX,US,5000,8000,6500.0,"Dallas, TX, US",32.7766642,32.7766642
Dayton,OH,US,3000,3000,3e3,"Dayton, OH, US",39.7589478,39.7589478
Daytona Beach,FL,US,100,100,100.0,"Daytona Beach, FL, US",29.2108147,29.2108147
Decorah,IA,US,NA,NA,NA,"Decorah, IA, US",43.30330559999999,43.30330559999999
Delhi,NY,US,NA,NA,NA,"Delhi, NY, US",42.27814009999999,42.27814009999999
Deming,NM,US,NA,NA,NA,"Deming, NM, US",32.2686981,32.2686981
Denton,TX,US,2500,2800,2650.0,"Denton, TX, US",33.2148412,33.2148412
Denver,CO,US,200000,200000,2e5,"Denver, CO, US",39.7392358,39.7392358
Des Moines,IA,US,26000,26000,26e3,"Des Moines, IA, US",41.6005448,41.6005448
Detroit,MI,US,4000,4000,4e3,"Detroit, MI, US",42.331427,42.331427
Disability (online),NA,NA,NA,NA,NA,"Disability (online), NA, NA",NA,NA
Douglas-Saugatuck,MI,US,1200,2500,1850.0,"Douglas-Saugatuck, MI, US",42.6420639,42.6420639
Doylestown,PA,US,1000,1000,1e3,"Doylestown, PA, US",40.3101063,40.3101063
Driggs,ID,US,1000,1000,1e3,"Driggs, ID, US",43.7232522,43.7232522
Dubuque,IA,US,400,400,400.0,"Dubuque, IA, US",42.5005583,42.5005583
Duluth,MN,US,1500,1500,1500.0,"Duluth, MN, US",46.78667189999999,46.78667189999999
Durango,CO,US,1000,1000,1e3,"Durango, CO, US",37.27528,37.27528
Eagle Pass,TX,US,NA,NA,NA,"Eagle Pass, TX, US",28.7091433,28.7091433
East Haddam,CT,US,500,500,500.0,"East Haddam, CT, US",41.5034351,41.5034351
Eastport,ME,US,70,70,70.0,"Eastport, ME, US",44.9061906,44.9061906
Eastsound,WA,US,NA,NA,NA,"Eastsound, WA, US",48.696654,48.696654
Eau Claire,WI,US,250,250,250.0,"Eau Claire, WI, US",44.7683909,44.7683909
El Paso,TX,US,1000,1000,1e3,"El Paso, TX, US",31.7618778,31.7618778
Elgin,IL,US,200,1000,600.0,"Elgin, IL, US",42.0354084,42.0354084
Elkton,OR,US,NA,NA,NA,"Elkton, OR, US",39.60677889999999,39.60677889999999
Ellsworth,ME,US,60,60,60.0,"Ellsworth, ME, US",44.5434095,44.5434095
Ely,MN,US,50,50,50.0,"Ely, MN, US",47.9032372,47.9032372
Ephrata,WA,US,250,250,250.0,"Ephrata, WA, US",47.3176385,47.3176385
Erie,PA,US,2500,2500,2500.0,"Erie, PA, US",42.12922409999999,42.12922409999999
Eugene,OR,US,7000,10000,8500.0,"Eugene, OR, US",44.0520691,44.0520691
Eureka,CA,US,2000,80000,41e3,"Eureka, CA, US",40.8020712,40.8020712
Fairbanks,AK,US,1000,1000,1e3,"Fairbanks, AK, US",64.8377778,64.8377778
Fairfield,IA,US,200,200,200.0,"Fairfield, IA, US",41.00761139999999,41.00761139999999
Fairmont,WY,US,95,95,95.0,"Fairmont, WY, US",33.7676528,33.7676528
Falmouth,MA,US,1000,1000,1e3,"Falmouth, MA, US",41.5532208,41.5532208
Fargo,ND,US,1000,3000,2e3,"Fargo, ND, US",46.8771863,46.8771863
Fayetteville,AR,US,1000,1000,1e3,"Fayetteville, AR, US",36.0625795,36.0625795
Fernandina Beach,FL,US,1000,1300,1150.0,"Fernandina Beach, FL, US",30.6696818,30.6696818
Flagstaff,AZ,US,1200,1200,1200.0,"Flagstaff, AZ, US",35.1982836,35.1982836
Florence,OR,US,NA,NA,NA,"Florence, OR, US",34.1954331,34.1954331
Floyd,VA,US,200,200,200.0,"Floyd, VA, US",36.9112443,36.9112443
Forks,WA,US,45,45,45.0,"Forks, WA, US",47.950355,47.950355
Fort Wayne,IN,US,1000,1000,1e3,"Fort Wayne, IN, US",41.079273,41.079273
Fort Bragg,CA,US,NA,NA,NA,"Fort Bragg, CA, US",39.445723,39.445723
Fort Sumner,NM,US,NA,NA,NA,"Fort Sumner, NM, US",34.4717332,34.4717332
Fort Worth,TX,US,5000,6000,5500.0,"Fort Worth, TX, US",32.7554883,32.7554883
Francestown,NH,US,134,134,134.0,"Francestown, NH, US",42.98758249999999,42.98758249999999
Frederick,MD,US,1000,1000,1e3,"Frederick, MD, US",39.41426879999999,39.41426879999999
Fredonia,NY,US,NA,NA,NA,"Fredonia, NY, US",42.4400576,42.4400576
Fresno,CA,US,2000,2000,2e3,"Fresno, CA, US",36.7468422,36.7468422
Friday Harbor,WA,US,1500,1500,1500.0,"Friday Harbor, WA, US",48.5342662,48.5342662
Gainesville,FL,US,1000,1000,1e3,"Gainesville, FL, US",29.6516344,29.6516344
Galesburg,IL,US,100,100,100.0,"Galesburg, IL, US",40.94781580000001,40.94781580000001
Gila,NM,US,1,1,1.0,"Gila, NM, US",32.9646574,32.9646574
Glen Falls,NY,US,1000,1000,1e3,"Glen Falls, NY, US",43.3095164,43.3095164
Glenwood Springs,CO,US,100,100,100.0,"Glenwood Springs, CO, US",39.5505376,39.5505376
Gold Canyon,AZ,US,NA,NA,NA,"Gold Canyon, AZ, US",33.3593407,33.3593407
Gouldsboro,ME,US,25,25,25.0,"Gouldsboro, ME, US",44.47852,44.47852
Grand Forks,ND,US,304,304,304.0,"Grand Forks, ND, US",47.9252568,47.9252568
Grand Junction,CO,US,4500,5000,4750.0,"Grand Junction, CO, US",39.0638705,39.0638705
Grand Rapids,MI,US,300,300,300.0,"Grand Rapids, MI, US",42.9633599,42.9633599
Green Bay,WI,US,200,200,200.0,"Green Bay, WI, US",44.51915899999999,44.51915899999999
Green Valley,AZ,US,400,400,400.0,"Green Valley, AZ, US",31.8542511,31.8542511
Greenfield,MA,US,1000,2000,1500.0,"Greenfield, MA, US",42.587915,42.587915
Greensboro,NC,US,3000,6000,4500.0,"Greensboro, NC, US",36.0726354,36.0726354
Greenville,SC,US,2000,2000,2e3,"Greenville, SC, US",34.85261759999999,34.85261759999999
Greenwood,IN,US,NA,NA,NA,"Greenwood, IN, US",39.6136578,39.6136578
Gross Pointe,MI,US,NA,NA,NA,"Gross Pointe, MI, US",42.3861485,42.3861485
Gualala,CA,US,NA,NA,NA,"Gualala, CA, US",38.7722996,38.7722996
Gulfport,MS,US,300,300,300.0,"Gulfport, MS, US",30.3674198,30.3674198
Gustavus,AK,US,105,105,105.0,"Gustavus, AK, US",58.4133333,58.4133333
Haines,AK,US,150,170,160.0,"Haines, AK, US",59.2358333,59.2358333
Halfway,OR,US,NA,NA,NA,"Halfway, OR, US",44.880715,44.880715
Harrisburg,PA,US,1100,1100,1100.0,"Harrisburg, PA, US",40.2731911,40.2731911
Hartford,CT,US,10000,10000,1e4,"Hartford, CT, US",41.76371109999999,41.76371109999999
Hattiesburg,MS,US,NA,NA,NA,"Hattiesburg, MS, US",31.3271189,31.3271189
Helena,AR,US,2,2,2.0,"Helena, AR, US",34.5291,34.5291
Helena,MT,US,10000,10000,1e4,"Helena, MT, US",46.5883707,46.5883707
Hemet,CA,US,NA,NA,NA,"Hemet, CA, US",33.7475203,33.7475203
Hilo,HI,US,1500,2200,1850.0,"Hilo, HI, US",19.7070942,19.7070942
Hillsborough,NC,US,200,200,200.0,"Hillsborough, NC, US",36.0754183,36.0754183
Homer,AK,US,900,900,900.0,"Homer, AK, US",59.64250000000001,59.64250000000001
Honolulu,HI,US,8000,8000,8e3,"Honolulu, HI, US",21.3069444,21.3069444
Houghton,MI,US,500,500,500.0,"Houghton, MI, US",47.12113309999999,47.12113309999999
Houston,TX,US,20000,22000,21e3,"Houston, TX, US",29.7604267,29.7604267
Hudson,NY,US,1500,3000,2250.0,"Hudson, NY, US",42.2528649,42.2528649
Idaho Falls,ID,US,500,500,500.0,"Idaho Falls, ID, US",43.49165139999999,43.49165139999999
Indiana,PA,US,100,200,150.0,"Indiana, PA, US",40.6214551,40.6214551
Indianapolis,IN,US,4000,10000,7e3,"Indianapolis, IN, US",39.768403,39.768403
Inverness,CA,US,5,5,5.0,"Inverness, CA, US",38.1010337,38.1010337
Iowa City,IA,US,1000,1000,1e3,"Iowa City, IA, US",41.6611277,41.6611277
Ithaca,NY,US,10000,10000,1e4,"Ithaca, NY, US",42.4439614,42.4439614
Jackson,NH,US,NA,NA,NA,"Jackson, NH, US",44.1462613,44.1462613
Jackson,MS,US,750,5000,2875.0,"Jackson, MS, US",32.2987573,32.2987573
Jackson Hole,WY,US,1000,1000,1e3,"Jackson Hole, WY, US",43.4799291,43.4799291
Jacksonville,FL,US,2000,3000,2500.0,"Jacksonville, FL, US",30.3321838,30.3321838
Jerome,AZ,US,NA,NA,NA,"Jerome, AZ, US",34.7489107,34.7489107
Jonesborough,TN,US,1000,1000,1e3,"Jonesborough, TN, US",36.2942722,36.2942722
Joseph,OR,US,310,310,310.0,"Joseph, OR, US",45.3543187,45.3543187
June Lake,CA,US,NA,NA,NA,"June Lake, CA, US",37.7797825,37.7797825
Juneau,AK,US,1000,1000,1e3,"Juneau, AK, US",58.301944399999996,58.301944399999996
Kahului,HI,US,NA,NA,NA,"Kahului, HI, US",20.8893351,20.8893351
Kalamazoo,MI,US,1000,1000,1e3,"Kalamazoo, MI, US",42.2917069,42.2917069
Kanab,UT,US,175,175,175.0,"Kanab, UT, US",37.0474855,37.0474855
Kansas City,MO,US,10000,10000,1e4,"Kansas City, MO, US",39.0997265,39.0997265
Kauai,HI,US,2000,2000,2e3,"Kauai, HI, US",22.0964396,22.0964396
Kawaihae,HI,US,50,50,50.0,"Kawaihae, HI, US",20.0352881,20.0352881
Keene,NH,US,300,300,300.0,"Keene, NH, US",42.933692,42.933692
Kennbunk,ME,US,700,700,700.0,"Kennbunk, ME, US",43.3617327,43.3617327
Kent,CT,US,180,180,180.0,"Kent, CT, US",41.7247554,41.7247554
Kent,OH,US,100,100,100.0,"Kent, OH, US",41.1536674,41.1536674
Ketchikan,AK,US,150,150,150.0,"Ketchikan, AK, US",55.34222219999999,55.34222219999999
Ketchum,ID,US,1150,1150,1150.0,"Ketchum, ID, US",43.6807402,43.6807402
Key West,FL,US,3200,3200,3200.0,"Key West, FL, US",24.5550593,24.5550593
Killington,VT,US,NA,NA,NA,"Killington, VT, US",43.6775677,43.6775677
King's Beach,CA,US,NA,NA,NA,"King's Beach, CA, US",39.2376846,39.2376846
Kingston,WA,US,60,60,60.0,"Kingston, WA, US",47.7987072,47.7987072
Klamath Falls,OR,US,300,300,300.0,"Klamath Falls, OR, US",42.224867,42.224867
Knoxville,TN,US,2000,2000,2e3,"Knoxville, TN, US",35.9606384,35.9606384
Kodiak,AK,US,NA,NA,NA,"Kodiak, AK, US",57.79000000000001,57.79000000000001
Kona,HI,US,3500,3500,3500.0,"Kona, HI, US",19.639994,19.639994
Kotzebeu,AK,US,NA,NA,NA,"Kotzebeu, AK, US",66.89833329999999,66.89833329999999
La Crosse,WI,US,NA,100,50.0,"La Crosse, WI, US",43.8013556,43.8013556
La Grande,OR,US,NA,NA,NA,"La Grande, OR, US",45.3245771,45.3245771
Lafayette,IN,US,800,1000,900.0,"Lafayette, IN, US",40.4167022,40.4167022
Laguna Beach,CA,US,3500,3500,3500.0,"Laguna Beach, CA, US",33.5422475,33.5422475
Lakeside,OH,US,300,300,300.0,"Lakeside, OH, US",41.538557,41.538557
Lancaster,NH,US,400,400,400.0,"Lancaster, NH, US",44.4889204,44.4889204
Lancaster,PA,US,100,100,100.0,"Lancaster, PA, US",40.0466571,40.0466571
Lander,WY,US,350,350,350.0,"Lander, WY, US",42.833014,42.833014
Langley,WA,US,1300,1300,1300.0,"Langley, WA, US",48.0400945,48.0400945
Lansing,MI,US,10000,10000,1e4,"Lansing, MI, US",42.732535,42.732535
Laramie,WY,US,NA,NA,NA,"Laramie, WY, US",41.3113669,41.3113669
Las Cruces,NM,US,100,100,100.0,"Las Cruces, NM, US",32.3199396,32.3199396
Las Vegas,NV,US,5000,15000,1e4,"Las Vegas, NV, US",36.1699412,36.1699412
Las Vegas,NM,US,50,50,50.0,"Las Vegas, NM, US",35.5942137,35.5942137
Leonia,NJ,US,100,100,100.0,"Leonia, NJ, US",40.8614887,40.8614887
Lexington,KY,US,5000,5000,5e3,"Lexington, KY, US",38.0405837,38.0405837
Lewis,NY,US,NA,NA,NA,"Lewis, NY, US",44.27502700000001,44.27502700000001
Lewisburg,PA,US,150,200,175.0,"Lewisburg, PA, US",40.9645293,40.9645293
Lihue,HI,US,NA,NA,NA,"Lihue, HI, US",21.9811111,21.9811111
Lilly,PA,US,4,4,4.0,"Lilly, PA, US",40.4259058,40.4259058
Lincoln,NE,US,8000,8000,8e3,"Lincoln, NE, US",40.8257625,40.8257625
Little Rock,AR,US,7000,7000,7e3,"Little Rock, AR, US",34.7464809,34.7464809
Logan,UT,US,NA,NA,NA,"Logan, UT, US",41.7369803,41.7369803
Los Angeles,CA,US,50000,750000,4e5,"Los Angeles, CA, US",34.0522342,34.0522342
Lompoc,CA,US,NA,NA,NA,"Lompoc, CA, US",34.6391501,34.6391501
Longview,WA,US,200,200,200.0,"Longview, WA, US",46.1381676,46.1381676
Longville,MN,US,67,67,67.0,"Longville, MN, US",46.9863443,46.9863443
Lousville,KY,US,5000,5000,5e3,"Lousville, KY, US",38.2526647,38.2526647
Loup City,NE,US,150,150,150.0,"Loup City, NE, US",41.275565,41.275565
Lubbock,TX,US,350,350,350.0,"Lubbock, TX, US",33.5778631,33.5778631
Lubec,ME,US,95,95,95.0,"Lubec, ME, US",44.85858630000001,44.85858630000001
Mt. Shasta,CA,US,400,400,400.0,"Mt. Shasta, CA, US",41.3098746,41.3098746
Madison,WI,US,75000,10000,42500.0,"Madison, WI, US",43.0730517,43.0730517
Mankato,MN,US,50,50,50.0,"Mankato, MN, US",44.1635775,44.1635775
Marfa,TX,US,76,76,76.0,"Marfa, TX, US",30.3094622,30.3094622
Martha's Vineyard,MA,US,100,100,100.0,"Martha's Vineyard, MA, US",41.3804981,41.3804981
Marquette,MI,US,200,800,500.0,"Marquette, MI, US",46.5475825,46.5475825
Marquette,WI,US,200,300,250.0,"Marquette, WI, US",43.865322,43.865322
Maryville,IL,US,NA,NA,NA,"Maryville, IL, US",38.7244997,38.7244997
Maui,HI,US,1500,2000,1750.0,"Maui, HI, US",20.7983626,20.7983626
Mayaguez,PR,US,NA,NA,NA,"Mayaguez, PR, US",18.2110294,18.2110294
McMinnville,OR,US,700,100,400.0,"McMinnville, OR, US",45.21011619999999,45.21011619999999
Melbourn,FL,US,500,500,500.0,"Melbourn, FL, US",28.0836269,28.0836269
Memphis,TN,US,9000,9000,9e3,"Memphis, TN, US",35.1495343,35.1495343
Menomonie,WI,US,NA,NA,NA,"Menomonie, WI, US",44.8755183,44.8755183
Mentone,AL,US,50,50,50.0,"Mentone, AL, US",34.5795282,34.5795282
Merrill,MI,US,NA,NA,NA,"Merrill, MI, US",43.4097497,43.4097497
Miami,FL,US,10000,10000,1e4,"Miami, FL, US",25.7616798,25.7616798
Miami Beach,FL,US,NA,NA,NA,"Miami Beach, FL, US",25.790654,25.790654
Midland,MI,US,400,400,400.0,"Midland, MI, US",43.6155825,43.6155825
Midland,TX,US,50,50,50.0,"Midland, TX, US",31.9973456,31.9973456
Miles City,MT,US,NA,NA,NA,"Miles City, MT, US",46.4083362,46.4083362
Milhelm,PA,US,50,50,50.0,"Milhelm, PA, US",NA,NA
Milwaukee,WI,US,1000,1000,1e3,"Milwaukee, WI, US",43.0389025,43.0389025
Minneapolis,MN,US,NA,NA,NA,"Minneapolis, MN, US",44.977753,44.977753
Minocqua,WI,US,300,300,300.0,"Minocqua, WI, US",45.8710837,45.8710837
Missoula,MT,US,NA,NA,NA,"Missoula, MT, US",46.87871759999999,46.87871759999999
Moab,UT,US,200,200,200.0,"Moab, UT, US",38.5733155,38.5733155
Mobile,AL,US,900,1000,950.0,"Mobile, AL, US",30.6953657,30.6953657
Modesto,CA,US,900,900,900.0,"Modesto, CA, US",37.63909719999999,37.63909719999999
Mooresville,NC,US,NA,NA,NA,"Mooresville, NC, US",35.5848596,35.5848596
Montpelier,VT,US,15000,20000,17500.0,"Montpelier, VT, US",44.26005929999999,44.26005929999999
Monterey Bay,CA,US,1500,1500,1500.0,"Monterey Bay, CA, US",36.8007413,36.8007413
Morganton,NC,US,500,500,500.0,"Morganton, NC, US",35.7454071,35.7454071
Morris,MN,US,250,250,250.0,"Morris, MN, US",45.5919444,45.5919444
Moscow,ID,US,2500,2500,2500.0,"Moscow, ID, US",46.73238749999999,46.73238749999999
Mount Vernon,OH,US,20,30,25.0,"Mount Vernon, OH, US",40.3933956,40.3933956
Mount Vernon,WA,US,NA,NA,NA,"Mount Vernon, WA, US",48.421216,48.421216
Murfreesboro,TN,US,NA,NA,NA,"Murfreesboro, TN, US",35.8456213,35.8456213
Murray,KY,US,700,700,700.0,"Murray, KY, US",36.6103334,36.6103334
Nacogdoches,TX,US,200,300,250.0,"Nacogdoches, TX, US",31.6035129,31.6035129
Nantucket,MA,US,NA,NA,NA,"Nantucket, MA, US",41.2834704,41.2834704
Napa,CA,US,3000,3000,3e3,"Napa, CA, US",38.2975381,38.2975381
Naples,FL,US,2500,5000,3750.0,"Naples, FL, US",26.1420358,26.1420358
Nashville,TN,US,15000,20000,17500.0,"Nashville, TN, US",36.1626638,36.1626638
Nevada City,CA,US,100,100,100.0,"Nevada City, CA, US",39.2615606,39.2615606
New Bern,NC,US,300,600,450.0,"New Bern, NC, US",35.108493,35.108493
New Haven,CT,US,NA,NA,NA,"New Haven, CT, US",41.308274,41.308274
New Orleans,LA,US,10000,10000,1e4,"New Orleans, LA, US",29.95106579999999,29.95106579999999
New Smyrna Beach,FL,US,1000,1000,1e3,"New Smyrna Beach, FL, US",29.0258191,29.0258191
New York,NY,US,400000,500000,45e4,"New York, NY, US",40.7127837,40.7127837
Newark,DE,US,1200,1200,1200.0,"Newark, DE, US",39.6837226,39.6837226
Newark,NJ,US,1000,1000,1e3,"Newark, NJ, US",40.735657,40.735657
Newport,OR,US,1500,1500,1500.0,"Newport, OR, US",41.4901024,41.4901024
Nome,AK,US,NA,NA,NA,"Nome, AK, US",64.5011111,64.5011111
Norfolk,VA,US,2000,2000,2e3,"Norfolk, VA, US",36.8507689,36.8507689
Northampton,MA,US,1000,1000,1e3,"Northampton, MA, US",42.3250896,42.3250896
Oahu,HI,US,3000,5000,4e3,"Oahu, HI, US",21.4389123,21.4389123
Oakhurst,CA,US,200,200,200.0,"Oakhurst, CA, US",37.3279997,37.3279997
Oakland,CA,US,60000,100000,8e4,"Oakland, CA, US",37.8043637,37.8043637
Oak Ridge,TN,US,NA,NA,NA,"Oak Ridge, TN, US",36.0103561,36.0103561
Ocala,FL,US,NA,NA,NA,"Ocala, FL, US",29.1871986,29.1871986
Ocean City,MD,US,100,100,100.0,"Ocean City, MD, US",38.3365032,38.3365032
Ogden,UT,US,200,200,200.0,"Ogden, UT, US",41.223,41.223
Oklahoma City,OK,US,12000,12000,12e3,"Oklahoma City, OK, US",35.4675602,35.4675602
Old Saybrook,CT,US,NA,NA,NA,"Old Saybrook, CT, US",41.2960159,41.2960159
Olympia,WA,US,10000,10000,1e4,"Olympia, WA, US",47.0378741,47.0378741
Omaha,NE,US,12000,14000,13e3,"Omaha, NE, US",41.2523634,41.2523634
Oneonta,NY,US,500,500,500.0,"Oneonta, NY, US",42.4528571,42.4528571
Onley,VA,US,50,50,50.0,"Onley, VA, US",37.6909641,37.6909641
Ontario,CA,US,200,200,200.0,"Ontario, CA, US",34.0633443,34.0633443
Orange County,CA,US,NA,NA,NA,"Orange County, CA, US",33.7174708,33.7174708
Orlando,FL,US,3000,3000,3e3,"Orlando, FL, US",28.5383355,28.5383355
Oxford,MS,US,450,450,450.0,"Oxford, MS, US",34.3664951,34.3664951
Pacifica,CA,US,1200,1200,1200.0,"Pacifica, CA, US",37.6138253,37.6138253
Palm Desert,CA,US,1000,1000,1e3,"Palm Desert, CA, US",33.7222445,33.7222445
Palm Springs,CA,US,600,600,600.0,"Palm Springs, CA, US",33.8302961,33.8302961
Palmdale,CA,US,24,24,24.0,"Palmdale, CA, US",34.5794343,34.5794343
Palmer,AK,US,NA,NA,NA,"Palmer, AK, US",61.5997222,61.5997222
Park City,UT,US,8000,8000,8e3,"Park City, UT, US",40.6460622,40.6460622
Panama City,FL,US,500,500,500.0,"Panama City, FL, US",30.1588129,30.1588129
Paoli,IN,US,67,67,67.0,"Paoli, IN, US",38.55616630000001,38.55616630000001
Pasadena,CA,US,1700,1700,1700.0,"Pasadena, CA, US",34.1477849,34.1477849
Peoria,IL,US,2000,2000,2e3,"Peoria, IL, US",40.6936488,40.6936488
Pendelton,OR,US,425,425,425.0,"Pendelton, OR, US",45.672075,45.672075
Pensacola,FL,US,2000,2000,2e3,"Pensacola, FL, US",30.42130899999999,30.42130899999999
Pence,WI,US,1,1,1.0,"Pence, WI, US",46.4152257,46.4152257
Pequannock Township,NJ,US,800,1000,900.0,"Pequannock Township, NJ, US",40.960201,40.960201
Philadelphia,PA,US,50000,50000,5e4,"Philadelphia, PA, US",39.9525839,39.9525839
Phoenix,AZ,US,20000,20000,2e4,"Phoenix, AZ, US",33.4483771,33.4483771
Pierre,SD,US,NA,NA,NA,"Pierre, SD, US",44.3683156,44.3683156
Pinedale,WY,US,100,100,100.0,"Pinedale, WY, US",42.8678809,42.8678809
Pittsburgh,PA,US,25000,25000,25e3,"Pittsburgh, PA, US",40.44062479999999,40.44062479999999
Pittsfield,MA,US,1500,1500,1500.0,"Pittsfield, MA, US",42.4500845,42.4500845
Plymouth,WI,US,NA,NA,NA,"Plymouth, WI, US",43.7486054,43.7486054
Pocatello,ID,US,1200,1200,1200.0,"Pocatello, ID, US",42.8713032,42.8713032
Port Angeles,WA,US,100,100,100.0,"Port Angeles, WA, US",48.118146,48.118146
Port Jefferson,NY,US,2000,2000,2e3,"Port Jefferson, NY, US",40.9464875,40.9464875
Port Jervis,NY,US,NA,NA,NA,"Port Jervis, NY, US",41.3750937,41.3750937
Port Orford,OR,US,300,300,300.0,"Port Orford, OR, US",42.7456644,42.7456644
Port Townsend,WA,US,1000,1000,1e3,"Port Townsend, WA, US",48.11703869999999,48.11703869999999
Portland,ME,US,10000,10000,1e4,"Portland, ME, US",43.66147100000001,43.66147100000001
Portland,OR,US,70000,100000,85e3,"Portland, OR, US",45.5230622,45.5230622
Portsmouth,NH,US,3000,5000,4e3,"Portsmouth, NH, US",43.0717552,43.0717552
Poughkeepsie,NY,US,4000,5000,4500.0,"Poughkeepsie, NY, US",41.7003713,41.7003713
Prescott,AZ,US,1200,1200,1200.0,"Prescott, AZ, US",34.5400242,34.5400242
Providence,RI,US,7000,7000,7e3,"Providence, RI, US",41.8239891,41.8239891
Provincetown,MA,US,NA,NA,NA,"Provincetown, MA, US",42.0584412,42.0584412
Raleigh,NC,US,17000,20000,18500.0,"Raleigh, NC, US",35.7795897,35.7795897
Rapid City,SD,US,1000,2000,1500.0,"Rapid City, SD, US",44.0805434,44.0805434
Reading,PA,US,NA,NA,NA,"Reading, PA, US",40.3356483,40.3356483
Redding,CA,US,300,300,300.0,"Redding, CA, US",40.5865396,40.5865396
Redondo Beach,CA,US,1800,1800,1800.0,"Redondo Beach, CA, US",33.8491816,33.8491816
Redwood City,CA,US,2500,2500,2500.0,"Redwood City, CA, US",37.48521520000001,37.48521520000001
Reno,NV,US,10000,10000,1e4,"Reno, NV, US",39.5296329,39.5296329
Richland,WA,US,1000,2500,1750.0,"Richland, WA, US",46.2856907,46.2856907
Richmond,VA,US,2000,2000,2e3,"Richmond, VA, US",37.5407246,37.5407246
Ridgecrest,CA,US,NA,NA,NA,"Ridgecrest, CA, US",35.6224561,35.6224561
Ridgeway,CO,US,50,50,50.0,"Ridgeway, CO, US",38.1525873,38.1525873
Riegelsville,PA,US,170,170,170.0,"Riegelsville, PA, US",40.5942673,40.5942673
Riverside,CA,US,4000,4000,4e3,"Riverside, CA, US",33.9533487,33.9533487
Roanoke,VA,US,3000,3000,3e3,"Roanoke, VA, US",37.2709704,37.2709704
Rochester,MN,US,600,1000,800.0,"Rochester, MN, US",44.0121221,44.0121221
Rochester,NY,US,1000,2000,1500.0,"Rochester, NY, US",43.16103,43.16103
Rockford,IL,US,1000,1000,1e3,"Rockford, IL, US",42.2711311,42.2711311
Roswell,NM,US,2,2,2.0,"Roswell, NM, US",33.3942655,33.3942655
St. Augustine,FL,US,NA,NA,NA,"St. Augustine, FL, US",29.9012437,29.9012437
St. George,UT,US,1475,1475,1475.0,"St. George, UT, US",37.0965278,37.0965278
St. John,VA,US,NA,NA,NA,"St. John, VA, US",29.877943,29.877943
St. Louis,MO,US,20000,20000,2e4,"St. Louis, MO, US",38.6270025,38.6270025
St. Mary of the Woods,IN,US,NA,NA,NA,"St. Mary of the Woods, IN, US",39.505481,39.505481
St. Paul/Minneapolis,MN,US,90000,100000,95e3,"St. Paul/Minneapolis, MN, US",44.977753,44.977753
St. Petersburg,FL,US,20000,20000,2e4,"St. Petersburg, FL, US",27.7518284,27.7518284
Sacramento,CA,US,20000,20000,2e4,"Sacramento, CA, US",38.5815719,38.5815719
Sag Harbor,NY,US,NA,NA,NA,"Sag Harbor, NY, US",40.99787730000001,40.99787730000001
Salem,OR,US,1000,2000,1500.0,"Salem, OR, US",42.51954,42.51954
Salem,WI,US,2,2,2.0,"Salem, WI, US",42.5542369,42.5542369
Salida,CO,US,NA,NA,NA,"Salida, CO, US",38.5347193,38.5347193
Salisbury,CT,US,200,200,200.0,"Salisbury, CT, US",41.983426,41.983426
Salt Lake City,UT,US,NA,NA,NA,"Salt Lake City, UT, US",40.7607793,40.7607793
San Antonio,TX,US,1500,1500,1500.0,"San Antonio, TX, US",29.4241219,29.4241219
San Bernardino,CA,US,NA,NA,NA,"San Bernardino, CA, US",34.1083449,34.1083449
San Clemente,CA,US,100,200,150.0,"San Clemente, CA, US",33.4269728,33.4269728
San Diego,CA,US,30000,40000,35e3,"San Diego, CA, US",32.715738,32.715738
San Francisco,CA,US,100000,15000,57500.0,"San Francisco, CA, US",37.7749295,37.7749295
San Jose,CA,US,25000,25000,25e3,"San Jose, CA, US",37.3382082,37.3382082
San Juan,PR,US,NA,NA,NA,"San Juan, PR, US",33.4856678,33.4856678
San Juan Island,WA,US,1000,1000,1e3,"San Juan Island, WA, US",48.55136710000001,48.55136710000001
San Leandro,CA,US,NA,NA,NA,"San Leandro, CA, US",37.7249296,37.7249296
San Luis Obispo,CA,US,10000,10000,1e4,"San Luis Obispo, CA, US",35.2827524,35.2827524
San Marcos,CA,US,1000,1000,1e3,"San Marcos, CA, US",33.1433723,33.1433723
San Rafael,CA,US,500,500,500.0,"San Rafael, CA, US",37.9735346,37.9735346
Sanford,ME,US,NA,NA,NA,"Sanford, ME, US",43.4391627,43.4391627
Sandpoint,ID,US,800,1000,900.0,"Sandpoint, ID, US",48.276577,48.276577
Sandy,OR,US,NA,NA,NA,"Sandy, OR, US",45.3973427,45.3973427
Santa Ana,CA,US,2000,25000,13500.0,"Santa Ana, CA, US",33.7455731,33.7455731
Santa Barbara,CA,US,2000,6000,4e3,"Santa Barbara, CA, US",34.4208305,34.4208305
Santa Cruz,CA,US,1000,1500,1250.0,"Santa Cruz, CA, US",36.9741171,36.9741171
Santa Fe,NM,US,10000,17000,13500.0,"Santa Fe, NM, US",35.6869752,35.6869752
Santa Rosa,CA,US,4300,5000,4650.0,"Santa Rosa, CA, US",38.440429,38.440429
Santurce,PR,US,NA,NA,NA,"Santurce, PR, US",18.4511086,18.4511086
Sarasota,FL,US,7500,8000,7750.0,"Sarasota, FL, US",27.3364347,27.3364347
Saugatuck,MI,US,1700,1700,1700.0,"Saugatuck, MI, US",42.6550248,42.6550248
Sault Ste Marie,MI,US,40,40,40.0,"Sault Ste Marie, MI, US",46.4952996,46.4952996
Savannah,GA,US,1000,1000,1e3,"Savannah, GA, US",32.0835407,32.0835407
Saxaphaw,NC,US,80,80,80.0,"Saxaphaw, NC, US",36.0690258,36.0690258
Seaside,CA,US,NA,NA,NA,"Seaside, CA, US",36.6149217,36.6149217
Seattle,WA,US,12000,175000,93500.0,"Seattle, WA, US",47.6062095,47.6062095
Sedona,AZ,US,1000,1000,1e3,"Sedona, AZ, US",34.8697395,34.8697395
Seldovia,AK,US,41,41,41.0,"Seldovia, AK, US",59.4380556,59.4380556
Selinsgrove,PA,US,119,119,119.0,"Selinsgrove, PA, US",40.7989735,40.7989735
Seneca Falls,NY,US,10000,10000,1e4,"Seneca Falls, NY, US",42.9106219,42.9106219
Seward,AK,US,54,54,54.0,"Seward, AK, US",60.10416669999999,60.10416669999999
Sharon,PA,US,700,700,700.0,"Sharon, PA, US",41.2331116,41.2331116
Sheboygan,WI,US,NA,NA,NA,"Sheboygan, WI, US",43.7508284,43.7508284
Show Low,AZ,US,1,1,1.0,"Show Low, AZ, US",34.2542084,34.2542084
Shreveport,LA,US,100,100,100.0,"Shreveport, LA, US",32.5251516,32.5251516
Sicklerville,NJ,US,NA,NA,NA,"Sicklerville, NJ, US",39.7172152,39.7172152
Silver City,NM,US,500,500,500.0,"Silver City, NM, US",32.770075,32.770075
Silverton,CO,US,50,50,50.0,"Silverton, CO, US",37.811941,37.811941
Sioux Falls,SD,US,3300,3300,3300.0,"Sioux Falls, SD, US",43.5445959,43.5445959
Sitka,AK,US,700,700,700.0,"Sitka, AK, US",57.0530556,57.0530556
Skagway,AK,US,122,122,122.0,"Skagway, AK, US",59.45833329999999,59.45833329999999
Skykomish,WA,US,8,8,8.0,"Skykomish, WA, US",47.7092746,47.7092746
Soldotna,AK,US,NA,NA,NA,"Soldotna, AK, US",60.4877778,60.4877778
Sonoma,CA,US,3000,3000,3e3,"Sonoma, CA, US",38.291859,38.291859
South Bend,IN,US,2000,2000,2e3,"South Bend, IN, US",41.6763545,41.6763545
South Lake Tahoe,CA,US,700,700,700.0,"South Lake Tahoe, CA, US",38.939926,38.939926
South Orange,NJ,US,2000,2000,2e3,"South Orange, NJ, US",40.7489277,40.7489277
Spokane,WA,US,8000,8000,8e3,"Spokane, WA, US",47.6587802,47.6587802
Springfield,MO,US,2000,2000,2e3,"Springfield, MO, US",37.2089572,37.2089572
Springfield,IL,US,1000,1000,1e3,"Springfield, IL, US",39.78172130000001,39.78172130000001
Steamboat Springs,CO,US,1000,1000,1e3,"Steamboat Springs, CO, US",40.4849769,40.4849769
Stamford,CT,US,5000,5000,5e3,"Stamford, CT, US",41.0534302,41.0534302
Stanley,ID,US,30,30,30.0,"Stanley, ID, US",44.21553919999999,44.21553919999999
State College,PA,US,300,300,300.0,"State College, PA, US",40.7933949,40.7933949
Stateline,NV,US,NA,NA,NA,"Stateline, NV, US",38.9624079,38.9624079
Statesboro,GA,US,200,200,200.0,"Statesboro, GA, US",32.4487876,32.4487876
Staunton,VA,US,100,100,100.0,"Staunton, VA, US",38.149576,38.149576
Surry,ME,US,NA,NA,NA,"Surry, ME, US",44.4959099,44.4959099
Syracuse,NY,US,2000,2000,2e3,"Syracuse, NY, US",43.0481221,43.0481221
Tallahassee,FL,US,15000,18000,16500.0,"Tallahassee, FL, US",30.4382559,30.4382559
Taos,NM,US,100,100,100.0,"Taos, NM, US",36.4072485,36.4072485
Tecumseh,MI,US,35,35,35.0,"Tecumseh, MI, US",42.0039331,42.0039331
Telluride,CO,US,1000,1000,1e3,"Telluride, CO, US",37.9374939,37.9374939
Terre Haute,IN,US,200,200,200.0,"Terre Haute, IN, US",39.4667034,39.4667034
Tillamook,OR,US,300,300,300.0,"Tillamook, OR, US",45.4562158,45.4562158
Toledo,OH,US,NA,NA,NA,"Toledo, OH, US",41.6639383,41.6639383
Topeka,KS,US,4000,4000,4e3,"Topeka, KS, US",39.0558235,39.0558235
Traverse City,MI,US,3000,3000,3e3,"Traverse City, MI, US",44.7630567,44.7630567
Trenton,NJ,US,7500,7500,7500.0,"Trenton, NJ, US",40.2170534,40.2170534
Troy,OH,US,NA,NA,NA,"Troy, OH, US",40.0394982,40.0394982
Truth,NM,US,NA,NA,NA,"Truth, NM, US",33.1284047,33.1284047
Tucson,AZ,US,15000,15000,15e3,"Tucson, AZ, US",32.2217429,32.2217429
Tulsa,OK,US,1000,1000,1e3,"Tulsa, OK, US",36.1539816,36.1539816
Twisp,WA,US,800,800,800.0,"Twisp, WA, US",48.3634784,48.3634784
Ukiah,CA,US,2000,2000,2e3,"Ukiah, CA, US",39.1501709,39.1501709
Unalakleet,AK,US,38,38,38.0,"Unalakleet, AK, US",63.87305559999999,63.87305559999999
Union,WA,US,NA,NA,NA,"Union, WA, US",47.35468940000001,47.35468940000001
Utica,NY,US,NA,NA,NA,"Utica, NY, US",43.100903,43.100903
Utqagvik,AK,US,22,22,22.0,"Utqagvik, AK, US",71.29055559999999,71.29055559999999
Valdez,AK,US,NA,NA,NA,"Valdez, AK, US",61.13083330000001,61.13083330000001
Valparaiso,IN,US,260,260,260.0,"Valparaiso, IN, US",41.4730948,41.4730948
Vancouver,WA,US,200,200,200.0,"Vancouver, WA, US",45.6318397,45.6318397
Ventura,CA,US,2500,3000,2750.0,"Ventura, CA, US",34.274646,34.274646
Vermillion,SD,US,500,500,500.0,"Vermillion, SD, US",42.7794417,42.7794417
Vieques,PR,US,NA,NA,NA,"Vieques, PR, US",18.1262854,18.1262854
Vinalhaven,ME,US,NA,NA,NA,"Vinalhaven, ME, US",44.04873449999999,44.04873449999999
Visalia,CA,US,500,500,500.0,"Visalia, CA, US",36.3302284,36.3302284
Walla Walla,WA,US,2000,2000,2e3,"Walla Walla, WA, US",46.0645809,46.0645809
Walnut Creek,CA,US,3000,5000,4e3,"Walnut Creek, CA, US",37.9100783,37.9100783
Washington,DC,US,500000,680000,59e4,"Washington, DC, US",38.9071923,38.9071923
Watertown,NY,US,250,250,250.0,"Watertown, NY, US",43.9747838,43.9747838
Wausau,WI,US,200,200,200.0,"Wausau, WI, US",44.9591352,44.9591352
Welches,OR,US,NA,NA,NA,"Welches, OR, US",45.3384806,45.3384806
Wellfleet,MA,US,113,113,113.0,"Wellfleet, MA, US",41.93054679999999,41.93054679999999
Wenatchee,WA,US,1700,1700,1700.0,"Wenatchee, WA, US",47.4234599,47.4234599
West Chester,PA,US,150,200,175.0,"West Chester, PA, US",39.9606643,39.9606643
West Jefferson,NC,US,250,300,275.0,"West Jefferson, NC, US",36.4037364,36.4037364
West Lima,WI,US,1,1,1.0,"West Lima, WI, US",43.5463637,43.5463637
West Palm Beach,FL,US,5000,7000,6e3,"West Palm Beach, FL, US",26.7153424,26.7153424
Westfield,NJ,US,1000,1000,1e3,"Westfield, NJ, US",40.6589912,40.6589912
Wichita,KS,US,3000,3000,3e3,"Wichita, KS, US",37.68717609999999,37.68717609999999
Wichita Falls,TX,US,150,150,150.0,"Wichita Falls, TX, US",33.9137085,33.9137085
Williamsburg,VA,US,700,1000,850.0,"Williamsburg, VA, US",37.2707022,37.2707022
Willits,CA,US,50,50,50.0,"Willits, CA, US",39.4096079,39.4096079
Wilmington,NC,US,3000,3000,3e3,"Wilmington, NC, US",34.2257255,34.2257255
Wilton,NH,US,NA,NA,NA,"Wilton, NH, US",42.8433943,42.8433943
Winchester,VA,US,NA,NA,NA,"Winchester, VA, US",39.1856597,39.1856597
Winston-Salem,NC,US,1000,1000,1e3,"Winston-Salem, NC, US",36.09985959999999,36.09985959999999
Woodstock,NY,US,400,400,400.0,"Woodstock, NY, US",42.0409247,42.0409247
Woodstock,VA,US,600,1000,800.0,"Woodstock, VA, US",38.8817784,38.8817784
Wooster,OH,US,NA,NA,NA,"Wooster, OH, US",40.8050565,40.8050565
Worcester,MA,US,300,500,400.0,"Worcester, MA, US",42.2625932,42.2625932
Wyckoff,NJ,US,1000,1000,1e3,"Wyckoff, NJ, US",41.0095316,41.0095316
Yakima,WA,US,1200,1200,1200.0,"Yakima, WA, US",46.6020711,46.6020711
Ypsilanti,MI,US,NA,NA,NA,"Ypsilanti, MI, US",42.2411499,42.2411499
Yuma,AZ,US,35,35,35.0,"Yuma, AZ, US",32.6926512,32.6926512
Zebulon,GA,US,NA,NA,NA,"Zebulon, GA, US",33.1023454,33.1023454
Seoul,South Korea,US,1000,1000,1e3,"Seoul, South Korea, US",37.5731453,37.5731453
Calgary,Canada,US,4000,4000,4e3,"Calgary, Canada, US",51.0466321,51.0466321
Isle of Eigg,NA,NA,21,30,25.5,"Isle of Eigg, NA, NA",56.9246974,56.9246974
London,NA,UK,100000,100000,1e5,"London, NA, UK",51.52815200000001,51.52815200000001
Mexico City,NA,Mexico,100,500,300.0,"Mexico City, NA, Mexico",19.4326077,19.4326077
Ottawa,NA,Canada,6000,8000,7e3,"Ottawa, NA, Canada",45.4215296,45.4215296
Tel Aviv,NA,Israel,200,500,350.0,"Tel Aviv, NA, Israel",32.04935,32.04935
Toronto,NA,Canada,60000,60000,6e4,"Toronto, NA, Canada",43.653226,43.653226
Sydney,NA,Australia,5000,10000,7500.0,"Sydney, NA, Australia",-33.8688197,-33.8688197
Melbourne,NA,Australia,10000,10000,1e4,"Melbourne, NA, Australia",-37.8133413,-37.8133413
NA,NA,Antarctica,30,30,30.0,"NA, NA, Antarctica",-82.86275189999999,-82.86275189999999
Copenhagen,NA,Denmark,5000,5000,5e3,"Copenhagen, NA, Denmark",55.6760968,55.6760968
Victoria,NA,Canada,2500,2500,2500.0,"Victoria, NA, Canada",48.4284207,48.4284207
Bogota,NA,Colombia,350,350,350.0,"Bogota, NA, Colombia",4.710988599999999,4.710988599999999
New Delhi,NA,India,NA,NA,NA,"New Delhi, NA, India",28.6295726,28.6295726
Nairobi,NA,Kenya,200,200,200.0,"Nairobi, NA, Kenya",-1.2972059,-1.2972059
Cape Town,NA,South Africa,500,700,600.0,"Cape Town, NA, South Africa",-33.9248685,-33.9248685
Dublin,NA,Ireland,2000,5000,3500.0,"Dublin, NA, Ireland",53.3498053,53.3498053
Bangkok,NA,Thailand,NA,NA,NA,"Bangkok, NA, Thailand",13.6682174,13.6682174
Antigua,NA,Guatemala,250,250,250.0,"Antigua, NA, Guatemala",14.5585707,14.5585707
Rome,NA,Italy,300,300,300.0,"Rome, NA, Italy",41.9027835,41.9027835
Stratford,NA,Canada,100,100,100.0,"Stratford, NA, Canada",43.3700007,43.3700007
Montreal,NA,Canada,5000,5000,5e3,"Montreal, NA, Canada",45.5016889,45.5016889
Pristina,NA,Kosovo,NA,NA,NA,"Pristina, NA, Kosovo",42.661995,42.661995
Vancouver,NA,Canada,15000,15000,15e3,"Vancouver, NA, Canada",49.2827291,49.2827291
Canberra,NA,Australia,1000,1000,1e3,"Canberra, NA, Australia",-35.2776999,-35.2776999
Paris,NA,France,2000,7000,4500.0,"Paris, NA, France",48.856614,48.856614
Vienna,NA,Austria,2000,2000,2e3,"Vienna, NA, Austria",48.2081743,48.2081743
Stockholm,NA,Sweden,1000,4000,2500.0,"Stockholm, NA, Sweden",59.3322187,59.3322187
Oslo,NA,Norway,2000,3000,2500.0,"Oslo, NA, Norway",59.9138688,59.9138688
Tokyo,NA,Japan,648,648,648.0,"Tokyo, NA, Japan",35.6894875,35.6894875
Dar Es Salaam,NA,Tanzania,100,100,100.0,"Dar Es Salaam, NA, Tanzania",-6.804798099999999,-6.804798099999999
Auckland,NA,New Zealand,2000,2000,2e3,"Auckland, NA, New Zealand",-36.8474201,-36.8474201
Wellington,NA,New Zealand,600,600,600.0,"Wellington, NA, New Zealand",-41.282327,-41.282327
Christchurch,NA,New Zealand,300,300,300.0,"Christchurch, NA, New Zealand",-43.481222,-43.481222
Dunedin,NA,New Zealand,300,300,300.0,"Dunedin, NA, New Zealand",-45.8879078,-45.8879078
Edmonton,NA,Canada,3500,4000,3750.0,"Edmonton, NA, Canada",53.544389,53.544389
Amsterdam,NA,Netherlands,4000,4000,4e3,"Amsterdam, NA, Netherlands",52.3702157,52.3702157
Athens,NA,Greece,NA,NA,NA,"Athens, NA, Greece",37.9838096,37.9838096
Barcelona,NA,Spain,NA,NA,NA,"Barcelona, NA, Spain",41.3786026,41.3786026
Madrid,NA,Spain,500,500,500.0,"Madrid, NA, Spain",40.4167754,40.4167754
Florence,NA,Italy,NA,NA,NA,"Florence, NA, Italy",43.7695604,43.7695604
Marseilles,NA,France,NA,NA,NA,"Marseilles, NA, France",43.3455616,43.3455616
Prague,NA,Czech Republic,700,700,700.0,"Prague, NA, Czech Republic",50.0755381,50.0755381
Tblisi,NA,Georgia,300,300,300.0,"Tblisi, NA, Georgia",41.7151377,41.7151377
Helsinki,NA,Finland,250,250,250.0,"Helsinki, NA, Finland",60.22997820000001,60.22997820000001
Accra,NA,Ghana,NA,NA,NA,"Accra, NA, Ghana",5.6037168,5.6037168
Erbil,NA,Iraq,8,8,8.0,"Erbil, NA, Iraq",36.2062933,36.2062933
Lisbon,NA,Portugal,NA,NA,NA,"Lisbon, NA, Portugal",38.7222524,38.7222524
Geneva,NA,Switzerland,2500,2500,2500.0,"Geneva, NA, Switzerland",46.2043907,46.2043907
San Jose,NA,Costa Rica,NA,NA,NA,"San Jose, NA, Costa Rica",9.98908,9.98908
Buenos Aires,NA,Argentina,200,200,200.0,"Buenos Aires, NA, Argentina",-34.544902,-34.544902
Brasilia,NA,Brazil,NA,NA,NA,"Brasilia, NA, Brazil",-15.7942287,-15.7942287
Edinburgh,NA,Scotland,3000,8000,5500.0,"Edinburgh, NA, Scotland",55.953252,55.953252
Jos,NA,Nigeria,NA,NA,NA,"Jos, NA, Nigeria",9.90982,9.90982
Frankfurt,NA,Germany,2000,2000,2e3,"Frankfurt, NA, Germany",50.1109221,50.1109221
Bristol,NA,UK,1000,1000,1e3,"Bristol, NA, UK",53.7556215,53.7556215
Wolfville,NA,Canada,300,300,300.0,"Wolfville, NA, Canada",45.0917598,45.0917598
Salt Spring Island,NA,Canada,600,600,600.0,"Salt Spring Island, NA, Canada",48.8166622,48.8166622
Budapest,NA,Hungary,400,400,400.0,"Budapest, NA, Hungary",47.39629129999999,47.39629129999999
Berlin,NA,Germany,200,1000,600.0,"Berlin, NA, Germany",52.52000659999999,52.52000659999999
Galway,NA,Ireland,NA,NA,NA,"Galway, NA, Ireland",53.270668,53.270668
Bergen,NA,Norway,NA,NA,NA,"Bergen, NA, Norway",60.39126279999999,60.39126279999999
Halfiax,NA,Canada,1000,1000,1e3,"Halfiax, NA, Canada",44.64876350000001,44.64876350000001
Hamburg,NA,Germany,700,700,700.0,"Hamburg, NA, Germany",53.5510846,53.5510846
Nosara,NA,Costa Rica,100,100,100.0,"Nosara, NA, Costa Rica",9.9797332,9.9797332
Hamilton,NA,Canada,200,200,200.0,"Hamilton, NA, Canada",43.2557206,43.2557206
Winnipeg,NA,Canada,1000,3000,2e3,"Winnipeg, NA, Canada",49.895136,49.895136
Liverpool,NA,UK,1000,1000,1e3,"Liverpool, NA, UK",53.4083714,53.4083714
Charlottetown,NA,Canada,200,200,200.0,"Charlottetown, NA, Canada",46.23824,46.23824
Reykjavik,NA,Iceland,NA,NA,NA,"Reykjavik, NA, Iceland",64.133664,64.133664
London,NA,Canada,500,1400,950.0,"London, NA, Canada",42.9849233,42.9849233
San Miguel de Allende,NA,Mexico,2000,2000,2e3,"San Miguel de Allende, NA, Mexico",20.9144491,20.9144491
Rio de Janeiro,NA,Brazil,40,40,40.0,"Rio de Janeiro, NA, Brazil",-22.9068467,-22.9068467
Pender Island,NA,Canada,40,40,40.0,"Pender Island, NA, Canada",48.7866869,48.7866869
Manutoulin Island,NA,Canada,1,1,1.0,"Manutoulin Island, NA, Canada",45.7026471,45.7026471
Whitehorse,NA,Canada,200,200,200.0,"Whitehorse, NA, Canada",60.7211871,60.7211871
Munich,NA,Germany,600,800,700.0,"Munich, NA, Germany",48.1351253,48.1351253
Hagatna,NA,Guam,150,150,150.0,"Hagatna, NA, Guam",13.4762824,13.4762824
The Hague,NA,The Netherlands,2000,2000,2e3,"The Hague, NA, The Netherlands",52.0503015,52.0503015
Singapore,NA,NA,50,50,50.0,"Singapore, NA, NA",1.282319,1.282319
Bangor,NA,UK,400,400,400.0,"Bangor, NA, UK",NA,NA
Mwanza,NA,Tanzania,19,19,19.0,"Mwanza, NA, Tanzania",-2.8780034,-2.8780034
Nanaimo,NA,Canada,1000,1000,1e3,"Nanaimo, NA, Canada",49.1658836,49.1658836
Kamloops,NA,Canada,NA,NA,NA,"Kamloops, NA, Canada",50.674522,50.674522
Saskatoon,NA,Canada,800,1000,900.0,"Saskatoon, NA, Canada",52.1332144,52.1332144
North West River,NA,Canada,20,20,20.0,"North West River, NA, Canada",53.52551099999999,53.52551099999999
Whitehorse,NA,Canada,100,300,200.0,"Whitehorse, NA, Canada",60.7211871,60.7211871
Yellowknife,NA,Canada,100,130,115.0,"Yellowknife, NA, Canada",62.4539717,62.4539717
Osaka,NA,Japan,NA,NA,NA,"Osaka, NA, Japan",34.6937378,34.6937378
Hanoi,NA,Vietnam,27,27,27.0,"Hanoi, NA, Vietnam",21.0277644,21.0277644
Kassel,NA,Germany,100,100,100.0,"Kassel, NA, Germany",51.3127114,51.3127114
Aachen,NA,Germany,NA,NA,NA,"Aachen, NA, Germany",50.7753455,50.7753455
Bremerhaven,NA,Germany,30,30,30.0,"Bremerhaven, NA, Germany",53.5865078,53.5865078
Huntsville,NA,Canada,30,30,30.0,"Huntsville, NA, Canada",45.3269323,45.3269323
Lilongwe,NA,Malawi,NA,NA,NA,"Lilongwe, NA, Malawi",NA,NA
Stavanger,NA,Norway,NA,NA,NA,"Stavanger, NA, Norway",58.97170750000001,58.97170750000001
Isla Mujeres,NA,Mexico,5,5,5.0,"Isla Mujeres, NA, Mexico",21.2616141,21.2616141
Cuenca,NA,Ecuador,20,50,35.0,"Cuenca, NA, Ecuador",-2.9019713,-2.9019713
Belfast,NA,UK,200,300,250.0,"Belfast, NA, UK",54.59728500000001,54.59728500000001
Castlebar,NA,Ireland,120,120,120.0,"Castlebar, NA, Ireland",53.8550014,53.8550014
Montpelier,NA,France,500,3000,1750.0,"Montpelier, NA, France",43.610769,43.610769
Guelph,NA,Canada,545,545,545.0,"Guelph, NA, Canada",43.5448048,43.5448048
Lusaka,NA,Zambia,140,140,140.0,"Lusaka, NA, Zambia",-15.3875259,-15.3875259
Songdo,NA,South Korea,25,25,25.0,"Songdo, NA, South Korea",37.4141662,37.4141662
Shipley,NA,UK,1400,1400,1400.0,"Shipley, NA, UK",53.7585893,53.7585893
Maadi Degla,NA,Egypt,4,4,4.0,"Maadi Degla, NA, Egypt",29.955222,29.955222
Trondheim,NA,Norway,260,260,260.0,"Trondheim, NA, Norway",63.4305149,63.4305149
Phnom Penh,NA,Cambodia,NA,NA,NA,"Phnom Penh, NA, Cambodia",11.5448729,11.5448729
Rabat,NA,Morocco,23,23,23.0,"Rabat, NA, Morocco",33.993175,33.993175
